{
  "items":[
    {
      "keywords":"tshirt",
      "results":[
        {
          "name":"T-shirt: Super Pouvoir",
          "price":9.99,
          "color":"red",
          "description":"Super cool super power t-shirt",
          "image":"img\/tshirt-0-f-red-320.png"
        },
        {
          "name":"T-shirt: La Biere",
          "price":10.99,
          "color":"black",
          "description":"Beer t-shirt",
          "image":"img\/tshirt-10-f-black-320.png"
        },
        {
          "name":"T-shirt: Les Pizzas",
          "price":7.99,
          "color":"blue",
          "description":"Je deteste courier, mais j'aime trop pizza t-shirt",
          "image":"img\/tshirt-5-f-blue-320.png"
        },
        {
          "name":"T-shirt: Ma Tete",
          "price":6.99,
          "color":"green",
          "description":"Don\\'t judge me when I run t-shirt",
          "image":"img\/tshirt-6-f-green-320.png"
        },
        {
          "name":"T-shirt: Les Pizzas",
          "price":6.99,
          "color":"yellow",
          "description":"Je deteste courier, mais j'aime trop pizza t-shirt",
          "image":"img\/tshirt-5-f-yellow-320.png"
        },
        {
          "name":"T-shirt: Super Pouvoir",
          "price":10.99,
          "color":"red",
          "description":"Super cool super power t-shirt",
          "image":"img\/tshirt-0-m-red-320.png"
        },
        {
          "name":"T-shirt: Super Pouvoir",
          "price":9.99,
          "color":"blue",
          "description":"Super cool super power t-shirt",
          "image":"img\/tshirt-0-f-blue-320.png"
        },
        {
          "name":"T-shirt: Super Pouvoir",
          "price":11.99,
          "color":"blue",
          "description":"Super cool super power t-shirt",
          "image":"img\/tshirt-0-m-blue-320.png"
        }
      ]
    }
  ]
}